,_id,GPA,GRADE,GENDER,GENDER_DESC,CALORIES_DAY,CALORIES_DAY_DESC,COMFORT_FOOD_REASONS_CODED,COMFORT_FOOD_REASONS_CODED_DESC,COOK,COOK_DESC,CUISINE,CUISINE_DESC,DIET_CURRENT_CODED,DIET_CURRENT_CODED_DESC,EATING_OUT,EATING_OUT_DESC,EMPLOYMENT,EMPLOYMENT_DESC,ETHNIC_FOOD,ETHNIC_FOOD_DESC,EXERCISE,EXERCISE_DESC,FAV_CUISINE,FAV_CUISINE_CODED,FAV_CUISINE_CODED_DESC,FAV_FOOD,FAV_FOOD_DESC,FOOD_CHILDHOOD,FOOD_CHILDHOOD_SPLIT,FRUIT_DAY,FRUIT_DAY_DESC,GREEK_FOOD,GREEK_FOOD_DESC,HEALTHY_FEELING,INCOME,INCOME_DESC,INDIAN_FOOD,INDIAN_FOOD_DESC,ITALIAN_FOOD,ITALIAN_FOOD_DESC,MARITAL_STATUS,MARITAL_STATUS_DESC,NUTRITIONAL_CHECK,NUTRITIONAL_CHECK_DESC,ON_OFF_CAMPUS,ON_OFF_CAMPUS_DESC,PARENTS_COOK,PARENTS_COOK_DESC,PAY_MEAL_OUT,PAY_MEAL_OUT_DESC,PERSIAN_FOOD,PERSIAN_FOOD_DESC,SELF_PERCEPTION_WEIGHT,SELF_PERCEPTION_WEIGHT_DESC,SPORTS,SPORTS_DESC,THAI_FOOD,THAI_FOOD_DESC,VEGGIES_DAY,VEGGIES_DAY_DESC,VITAMINS,VITAMINS_DESC,WEIGHT
0,645506ca76adac10906231a8,2.4,C,2,Male,,,,,2.0,A couple of times a week,,,1,healthy/balanced/moderated/,3,2-3 times,3.0,no,1,very unlikely,1.0,Everyday,Arabic cuisine,3,Arabic/Turkish,1.0,cooked at home,rice  and chicken ,,5,very likely,5,very likely,2,5.0,"$70,001 to $100,000",5,very likely,5,very likely,1.0,Single,5,on everything,1.0,On campus,1,Almost everyday,2,$5.01 to $10.00,5.0,very likely,3.0,just right,1.0,Yes,1,very unlikely,5,very likely,1,Yes,187.0
1,645506ca76adac10906231a9,3.654,B+,1,Female,3.0,it is moderately important,,,3.0,"Whenever I can, but that is not very often",1.0,American,2,unhealthy/cheap/too much/random/,2,1-2 times,2.0,yes part time,4,likely,1.0,Everyday,Italian,1,Italian/French/greek,1.0,cooked at home,"chicken and biscuits, beef soup, baked beans","chicken and biscuits,",4,likely,4,likely,5,4.0,"$50,001 to $70,000",4,likely,4,likely,2.0,In a relationship,4,on most products,1.0,On campus,1,Almost everyday,4,$20.01 to $30.00,4.0,likely,3.0,just right,1.0,Yes,2,unlikely,4,likely,2,No,155.0
2,645506ca76adac10906231aa,3.3,B,1,Female,4.0,it is very important,,,1.0,Every day,3.0,Korean/Asian,3,the same thing over and over,2,1-2 times,3.0,no,5,very likely,2.0,Twice or three times per week,italian,1,Italian/French/greek,3.0,both bought at store and cooked at home,"mac and cheese, pizza, tacos","mac and cheese,",5,very likely,5,very likely,6,6.0,"higher than $100,000",5,very likely,5,very likely,2.0,In a relationship,4,on most products,2.0,Rent out of campus,1,Almost everyday,3,$10.01 to $20.00,5.0,very likely,6.0,i dont think myself in these terms,2.0,No,5,very likely,5,very likely,1,Yes,
3,645506ca76adac10906231ab,3.2,B,1,Female,3.0,it is moderately important,,,2.0,A couple of times a week,2.0,Mexican.Spanish,2,unhealthy/cheap/too much/random/,2,1-2 times,3.0,no,5,very likely,3.0,Once a week,Turkish ,3,Arabic/Turkish,1.0,cooked at home,"Beef stroganoff, tacos, pizza","Beef stroganoff,",4,likely,5,very likely,7,6.0,"higher than $100,000",5,very likely,5,very likely,2.0,In a relationship,2,on certain products only,1.0,On campus,1,Almost everyday,2,$5.01 to $10.00,5.0,very likely,5.0,overweight,2.0,No,5,very likely,3,neutral,1,Yes,240.0
4,645506ca76adac10906231ac,3.5,B+,1,Female,2.0,it is not at all important,,,1.0,Every day,2.0,Mexican.Spanish,2,unhealthy/cheap/too much/random/,2,1-2 times,2.0,yes part time,4,likely,1.0,Everyday,Italian ,1,Italian/French/greek,3.0,both bought at store and cooked at home,"Pasta, chicken tender, pizza ","Pasta,",4,likely,4,likely,6,6.0,"higher than $100,000",2,unlikely,5,very likely,1.0,Single,3,very rarely,1.0,On campus,1,Almost everyday,4,$20.01 to $30.00,2.0,unlikely,4.0,slightly overweight,1.0,Yes,4,likely,4,likely,2,No,190.0
5,645506ca76adac10906231ad,2.25,C,1,Female,3.0,it is moderately important,,,3.0,"Whenever I can, but that is not very often",,,2,unhealthy/cheap/too much/random/,1,Never,3.0,no,4,likely,2.0,Twice or three times per week,African,6,African,3.0,both bought at store and cooked at home,"Fries, plaintain & fried fish","Fries,",2,unlikely,2,unlikely,4,1.0,"less than $15,000",5,very likely,5,very likely,2.0,In a relationship,1,never,1.0,On campus,2,2-3 times a week,5,$30.01 to $40.00,5.0,very likely,5.0,overweight,2.0,No,4,likely,1,very unlikely,2,No,190.0
6,645506ca76adac10906231ae,3.8,B+,2,Male,3.0,it is moderately important,,,2.0,A couple of times a week,1.0,American,3,the same thing over and over,2,1-2 times,3.0,no,5,very likely,1.0,Everyday,Thai,4,asian/chineses/thai/nepal,1.0,cooked at home,"grilled chicken, hamburgers","grilled chicken,",4,likely,5,very likely,4,4.0,"$50,001 to $70,000",5,very likely,5,very likely,1.0,Single,4,on most products,2.0,Rent out of campus,2,2-3 times a week,2,$5.01 to $10.00,5.0,very likely,4.0,slightly overweight,1.0,Yes,5,very likely,4,likely,1,Yes,180.0
7,645506ca76adac10906231af,3.3,B,1,Female,3.0,it is moderately important,,,3.0,"Whenever I can, but that is not very often",1.0,American,1,healthy/balanced/moderated/,2,1-2 times,2.0,yes part time,2,unlikely,2.0,Twice or three times per week,Anything american style.,5,American,1.0,cooked at home,"chicken, cheesey potatoes, and hot dogs","chicken,",5,very likely,3,neutral,3,5.0,"$70,001 to $100,000",1,very unlikely,3,neutral,1.0,Single,4,on most products,1.0,On campus,1,Almost everyday,5,$30.01 to $40.00,1.0,very unlikely,3.0,just right,2.0,No,1,very unlikely,4,likely,2,No,137.0
8,645506ca76adac10906231b0,3.3,B,1,Female,,,,,3.0,"Whenever I can, but that is not very often",1.0,American,1,healthy/balanced/moderated/,5,every day,2.0,yes part time,5,very likely,,,Seafood,1,Italian/French/greek,3.0,both bought at store and cooked at home,"Shrimp, spaghetti","Shrimp,",4,likely,5,very likely,7,5.0,"$70,001 to $100,000",5,very likely,5,very likely,2.0,In a relationship,2,on certain products only,1.0,On campus,2,2-3 times a week,3,$10.01 to $20.00,5.0,very likely,4.0,slightly overweight,2.0,No,5,very likely,3,neutral,2,No,180.0
9,645506ca76adac10906231b1,3.3,B,1,Female,3.0,it is moderately important,,,3.0,"Whenever I can, but that is not very often",1.0,American,1,healthy/balanced/moderated/,3,2-3 times,3.0,no,5,very likely,1.0,Everyday,Italian ,1,Italian/French/greek,1.0,cooked at home,"Pasta, Eggs, Pancakes ","Pasta,",5,very likely,5,very likely,3,4.0,"$50,001 to $70,000",4,likely,5,very likely,2.0,In a relationship,5,on everything,1.0,On campus,3,1-2 times a week,3,$10.01 to $20.00,4.0,likely,3.0,just right,1.0,Yes,4,likely,5,very likely,1,Yes,125.0
10,645506ca76adac10906231b2,3.5,B+,1,Female,3.0,it is moderately important,,,1.0,Every day,1.0,American,1,healthy/balanced/moderated/,2,1-2 times,1.0,yes full time,5,very likely,1.0,Everyday,Orange chicken and chow mani noodles ,4,asian/chineses/thai/nepal,1.0,cooked at home,Chicken,,5,very likely,1,very unlikely,9,3.0,"$30,001 to $50,000",1,very unlikely,5,very likely,1.0,Single,2,on certain products only,3.0,Live with my parents and commute,1,Almost everyday,2,$5.01 to $10.00,2.0,unlikely,1.0,slim,1.0,Yes,2,unlikely,5,very likely,2,No,116.0
11,645506ca76adac10906231b3,3.904,B+,1,Female,4.0,it is very important,,,3.0,"Whenever I can, but that is not very often",1.0,American,1,healthy/balanced/moderated/,1,Never,2.0,yes part time,5,very likely,1.0,Everyday,Italian,1,Italian/French/greek,1.0,cooked at home,Scalloped potatoes and ham ,,5,very likely,5,very likely,1,5.0,"$70,001 to $100,000",5,very likely,5,very likely,2.0,In a relationship,5,on everything,1.0,On campus,1,Almost everyday,3,$10.01 to $20.00,5.0,very likely,2.0,very fit,1.0,Yes,5,very likely,5,very likely,1,Yes,110.0
12,645506ca76adac10906231b4,3.4,B,2,Male,3.0,it is moderately important,,,5.0,"Never, I really do not know my way around a kitchen",1.0,American,1,healthy/balanced/moderated/,1,Never,3.0,no,4,likely,3.0,Once a week,Chinese ,4,asian/chineses/thai/nepal,3.0,both bought at store and cooked at home,"Pizza, chicken wings, and corn on the cob ","Pizza,",4,likely,3,neutral,9,5.0,"$70,001 to $100,000",3,neutral,4,likely,2.0,In a relationship,2,on certain products only,1.0,On campus,2,2-3 times a week,2,$5.01 to $10.00,3.0,neutral,5.0,overweight,1.0,Yes,3,neutral,3,neutral,2,No,264.0
13,645506ca76adac10906231b5,3.6,B+,1,Female,3.0,it is moderately important,,,2.0,A couple of times a week,1.0,American,2,unhealthy/cheap/too much/random/,4,3-5 times,2.0,yes part time,5,very likely,2.0,Twice or three times per week,italian,1,Italian/French/greek,1.0,cooked at home,"steak, lasagna, crab","steak,",5,very likely,4,likely,8,5.0,"$70,001 to $100,000",3,neutral,5,very likely,2.0,In a relationship,2,on certain products only,2.0,Rent out of campus,2,2-3 times a week,3,$10.01 to $20.00,3.0,neutral,3.0,just right,1.0,Yes,5,very likely,5,very likely,2,No,123.0
14,645506ca76adac10906231b6,3.1,B,2,Male,3.0,it is moderately important,,,3.0,"Whenever I can, but that is not very often",1.0,American,1,healthy/balanced/moderated/,2,1-2 times,3.0,no,4,likely,2.0,Twice or three times per week,Chinese ,4,asian/chineses/thai/nepal,3.0,both bought at store and cooked at home,Pizza,,5,very likely,4,likely,2,5.0,"$70,001 to $100,000",2,unlikely,3,neutral,1.0,Single,2,on certain products only,2.0,Rent out of campus,2,2-3 times a week,3,$10.01 to $20.00,1.0,very unlikely,3.0,just right,1.0,Yes,4,likely,5,very likely,1,Yes,185.0
15,645506ca76adac10906231b7,,,2,Male,,,,,4.0,I only help a little during holidays,1.0,American,2,unhealthy/cheap/too much/random/,4,3-5 times,3.0,no,1,very unlikely,1.0,Everyday,italian food,1,Italian/French/greek,2.0,store bought,pizza,,3,neutral,1,very unlikely,6,4.0,"$50,001 to $70,000",1,very unlikely,5,very likely,2.0,In a relationship,1,never,1.0,On campus,2,2-3 times a week,3,$10.01 to $20.00,1.0,very unlikely,2.0,very fit,1.0,Yes,1,very unlikely,1,very unlikely,2,No,180.0
16,645506ca76adac10906231b8,4.0,A,1,Female,3.0,it is moderately important,,,3.0,"Whenever I can, but that is not very often",,,1,healthy/balanced/moderated/,1,Never,2.0,yes part time,2,unlikely,2.0,Twice or three times per week,Jamaican ,7,Jamaican,1.0,cooked at home,"Curry, Stew Chicken and Saltfish","Curry,",5,very likely,2,unlikely,7,1.0,"less than $15,000",5,very likely,3,neutral,2.0,In a relationship,4,on most products,1.0,On campus,2,2-3 times a week,2,$5.01 to $10.00,2.0,unlikely,3.0,just right,2.0,No,1,very unlikely,5,very likely,1,Yes,145.0
17,645506ca76adac10906231b9,3.6,B+,2,Male,3.0,it is moderately important,,,3.0,"Whenever I can, but that is not very often",1.0,American,3,the same thing over and over,2,1-2 times,3.0,no,4,likely,1.0,Everyday,American or Italian ,5,American,3.0,both bought at store and cooked at home,"chicken fingers, steak, mac and cheese","chicken fingers,",3,neutral,3,neutral,8,6.0,"higher than $100,000",3,neutral,5,very likely,2.0,In a relationship,4,on most products,1.0,On campus,1,Almost everyday,6,more than $40.01,2.0,unlikely,2.0,very fit,1.0,Yes,3,neutral,4,likely,2,No,170.0
18,645506ca76adac10906231ba,3.4,B,1,Female,3.0,it is moderately important,,,3.0,"Whenever I can, but that is not very often",1.0,American,1,healthy/balanced/moderated/,3,2-3 times,2.0,yes part time,1,very unlikely,3.0,Once a week,Chicken ,5,American,3.0,both bought at store and cooked at home,Chicken,,5,very likely,3,neutral,6,5.0,"$70,001 to $100,000",1,very unlikely,5,very likely,2.0,In a relationship,2,on certain products only,1.0,On campus,1,Almost everyday,2,$5.01 to $10.00,1.0,very unlikely,3.0,just right,2.0,No,1,very unlikely,5,very likely,1,Yes,135.0
19,645506ca76adac10906231bb,2.2,C,2,Male,2.0,it is not at all important,,,4.0,I only help a little during holidays,1.0,American,2,unhealthy/cheap/too much/random/,2,1-2 times,3.0,no,3,neutral,2.0,Twice or three times per week,Italian,1,Italian/French/greek,1.0,cooked at home,manacotti,,2,unlikely,3,neutral,4,5.0,"$70,001 to $100,000",2,unlikely,5,very likely,1.0,Single,1,never,1.0,On campus,1,Almost everyday,3,$10.01 to $20.00,3.0,neutral,4.0,slightly overweight,,,3,neutral,2,unlikely,2,No,165.0
20,645506ca76adac10906231bc,3.3,B,2,Male,3.0,it is moderately important,,,5.0,"Never, I really do not know my way around a kitchen",1.0,American,2,unhealthy/cheap/too much/random/,4,3-5 times,2.0,yes part time,4,likely,1.0,Everyday,Mexican,2,Spanish/mexican,3.0,both bought at store and cooked at home,"pizza, chicken fingers","pizza,",2,unlikely,2,unlikely,5,6.0,"higher than $100,000",1,very unlikely,4,likely,1.0,Single,2,on certain products only,1.0,On campus,1,Almost everyday,2,$5.01 to $10.00,1.0,very unlikely,6.0,i dont think myself in these terms,1.0,Yes,1,very unlikely,3,neutral,2,No,175.0
21,645506ca76adac10906231bd,3.87,B+,2,Male,3.0,it is moderately important,,,3.0,"Whenever I can, but that is not very often",3.0,Korean/Asian,2,unhealthy/cheap/too much/random/,1,Never,2.0,yes part time,3,neutral,1.0,Everyday,Indian,8,indian,2.0,store bought,Pasta,,3,neutral,5,very likely,8,6.0,"higher than $100,000",5,very likely,5,very likely,2.0,In a relationship,4,on most products,1.0,On campus,3,1-2 times a week,5,$30.01 to $40.00,5.0,very likely,2.0,very fit,1.0,Yes,5,very likely,2,unlikely,2,No,195.0
22,645506ca76adac10906231be,3.7,B+,2,Male,3.0,it is moderately important,,,5.0,"Never, I really do not know my way around a kitchen",2.0,Mexican.Spanish,1,healthy/balanced/moderated/,1,Never,2.0,yes part time,3,neutral,1.0,Everyday,italian ,1,Italian/French/greek,1.0,cooked at home,pasta,,4,likely,4,likely,2,6.0,"higher than $100,000",5,very likely,5,very likely,1.0,Single,3,very rarely,1.0,On campus,3,1-2 times a week,5,$30.01 to $40.00,2.0,unlikely,2.0,very fit,1.0,Yes,4,likely,3,neutral,1,Yes,185.0
23,645506ca76adac10906231bf,3.7,B+,2,Male,3.0,it is moderately important,,,4.0,I only help a little during holidays,1.0,American,1,healthy/balanced/moderated/,2,1-2 times,2.0,yes part time,5,very likely,3.0,Once a week,Asian ,4,asian/chineses/thai/nepal,1.0,cooked at home,Chicken Nuggets,,3,neutral,2,unlikely,4,4.0,"$50,001 to $70,000",4,likely,5,very likely,1.0,Single,2,on certain products only,1.0,On campus,2,2-3 times a week,3,$10.01 to $20.00,2.0,unlikely,3.0,just right,1.0,Yes,4,likely,4,likely,1,Yes,185.0
24,645506ca76adac10906231c0,3.9,B+,1,Female,2.0,it is not at all important,,,1.0,Every day,1.0,American,1,healthy/balanced/moderated/,4,3-5 times,3.0,no,4,likely,,,Chinese,4,asian/chineses/thai/nepal,1.0,cooked at home,Spaghetti ,,4,likely,5,very likely,5,4.0,"$50,001 to $70,000",3,neutral,5,very likely,2.0,In a relationship,2,on certain products only,1.0,On campus,1,Almost everyday,3,$10.01 to $20.00,3.0,neutral,4.0,slightly overweight,2.0,No,4,likely,4,likely,2,No,105.0
25,645506ca76adac10906231c1,2.8,C+,1,Female,3.0,it is moderately important,,,3.0,"Whenever I can, but that is not very often",1.0,American,1,healthy/balanced/moderated/,2,1-2 times,3.0,no,2,unlikely,1.0,Everyday,don't have one,0,none,3.0,both bought at store and cooked at home,"Chicken parm, beef stroganof, tacos","Chicken parm,",4,likely,3,neutral,8,6.0,"higher than $100,000",3,neutral,3,neutral,1.0,Single,4,on most products,1.0,On campus,1,Almost everyday,3,$10.01 to $20.00,3.0,neutral,3.0,just right,1.0,Yes,3,neutral,3,neutral,2,No,125.0
26,645506ca76adac10906231c2,3.7,B+,2,Male,2.0,it is not at all important,,,3.0,"Whenever I can, but that is not very often",1.0,American,1,healthy/balanced/moderated/,2,1-2 times,2.0,yes part time,2,unlikely,1.0,Everyday,Italian food ,1,Italian/French/greek,1.0,cooked at home,"Chicken Parm, Pizza ","Chicken Parm,",3,neutral,1,very unlikely,9,5.0,"$70,001 to $100,000",1,very unlikely,5,very likely,2.0,In a relationship,2,on certain products only,1.0,On campus,1,Almost everyday,4,$20.01 to $30.00,1.0,very unlikely,2.0,very fit,1.0,Yes,2,unlikely,3,neutral,2,No,160.0
27,645506ca76adac10906231c3,3.0,B,2,Male,4.0,it is very important,,,4.0,I only help a little during holidays,1.0,American,1,healthy/balanced/moderated/,2,1-2 times,3.0,no,3,neutral,1.0,Everyday,Mexican ,2,Spanish/mexican,1.0,cooked at home,Steak,,5,very likely,3,neutral,9,6.0,"higher than $100,000",3,neutral,4,likely,2.0,In a relationship,4,on most products,1.0,On campus,1,Almost everyday,6,more than $40.01,2.0,unlikely,2.0,very fit,1.0,Yes,3,neutral,5,very likely,1,Yes,175.0
28,645506ca76adac10906231c4,3.2,B,2,Male,2.0,it is not at all important,,,2.0,A couple of times a week,2.0,Mexican.Spanish,2,unhealthy/cheap/too much/random/,2,1-2 times,2.0,yes part time,2,unlikely,2.0,Twice or three times per week,Italian/German,1,Italian/French/greek,1.0,cooked at home,"Deer Steak, Buttered Pasta, Garlic Pasta","Deer Steak,",3,neutral,1,very unlikely,4,5.0,"$70,001 to $100,000",1,very unlikely,5,very likely,1.0,Single,5,on everything,1.0,On campus,1,Almost everyday,3,$10.01 to $20.00,2.0,unlikely,3.0,just right,2.0,No,1,very unlikely,2,unlikely,1,Yes,180.0
29,645506ca76adac10906231c5,3.5,B+,2,Male,2.0,it is not at all important,,,3.0,"Whenever I can, but that is not very often",,,2,unhealthy/cheap/too much/random/,5,every day,3.0,no,5,very likely,2.0,Twice or three times per week,Indian food - samosas are amazing,8,indian,1.0,cooked at home,"Crab legs, Mushroom soup, homemade rolls","Crab legs,",5,very likely,3,neutral,9,5.0,"$70,001 to $100,000",5,very likely,5,very likely,1.0,Single,2,on certain products only,1.0,On campus,1,Almost everyday,4,$20.01 to $30.00,5.0,very likely,2.0,very fit,2.0,No,5,very likely,4,likely,1,Yes,167.0
30,645506ca76adac10906231c6,4.0,A,1,Female,3.0,it is moderately important,,,3.0,"Whenever I can, but that is not very often",1.0,American,1,healthy/balanced/moderated/,3,2-3 times,2.0,yes part time,4,likely,2.0,Twice or three times per week,mexican,2,Spanish/mexican,2.0,store bought,"french fries, waffles, chocolate","french fries,",3,neutral,2,unlikely,7,5.0,"$70,001 to $100,000",3,neutral,4,likely,2.0,In a relationship,4,on most products,3.0,Live with my parents and commute,3,1-2 times a week,3,$10.01 to $20.00,2.0,unlikely,3.0,just right,1.0,Yes,3,neutral,5,very likely,1,Yes,115.0
31,645506ca76adac10906231c7,4.0,A,2,Male,3.0,it is moderately important,,,2.0,A couple of times a week,1.0,American,2,unhealthy/cheap/too much/random/,2,1-2 times,3.0,no,5,very likely,2.0,Twice or three times per week,italian,1,Italian/French/greek,1.0,cooked at home,chicken and biscuits,,5,very likely,5,very likely,5,4.0,"$50,001 to $70,000",4,likely,5,very likely,1.0,Single,4,on most products,4.0,Own my own house,1,Almost everyday,3,$10.01 to $20.00,3.0,neutral,4.0,slightly overweight,2.0,No,4,likely,5,very likely,1,Yes,205.0
32,645506ca76adac10906231c8,3.4,B,2,Male,3.0,it is moderately important,,,5.0,"Never, I really do not know my way around a kitchen",,,2,unhealthy/cheap/too much/random/,3,2-3 times,2.0,yes part time,5,very likely,,,Spanish,2,Spanish/mexican,,,"Spaghetti, Chicken, Won Tons","Spaghetti,",4,likely,5,very likely,5,5.0,"$70,001 to $100,000",5,very likely,5,very likely,1.0,Single,4,on most products,1.0,On campus,3,1-2 times a week,4,$20.01 to $30.00,5.0,very likely,4.0,slightly overweight,1.0,Yes,5,very likely,5,very likely,1,Yes,
33,645506ca76adac10906231c9,2.8,C+,1,Female,3.0,it is moderately important,,,4.0,I only help a little during holidays,2.0,Mexican.Spanish,2,unhealthy/cheap/too much/random/,2,1-2 times,3.0,no,4,likely,3.0,Once a week,Italian ,1,Italian/French/greek,1.0,cooked at home,"Chicken Nuggets, Mac and Cheese, and pasta","Chicken Nuggets,",3,neutral,5,very likely,7,3.0,"$30,001 to $50,000",2,unlikely,5,very likely,1.0,Single,4,on most products,1.0,On campus,1,Almost everyday,3,$10.01 to $20.00,2.0,unlikely,3.0,just right,2.0,No,1,very unlikely,3,neutral,1,Yes,128.0
34,645506ca76adac10906231ca,3.65,B+,1,Female,3.0,it is moderately important,,,4.0,I only help a little during holidays,1.0,American,2,unhealthy/cheap/too much/random/,3,2-3 times,3.0,no,2,unlikely,1.0,Everyday,French,1,Italian/French/greek,3.0,both bought at store and cooked at home,"hamburgers, chicken nuggets ","hamburgers,",5,very likely,3,neutral,1,6.0,"higher than $100,000",1,very unlikely,5,very likely,1.0,Single,4,on most products,1.0,On campus,5,never,4,$20.01 to $30.00,1.0,very unlikely,2.0,very fit,1.0,Yes,3,neutral,4,likely,1,Yes,150.0
35,645506ca76adac10906231cb,3.0,B,1,Female,2.0,it is not at all important,,,1.0,Every day,1.0,American,3,the same thing over and over,2,1-2 times,3.0,no,2,unlikely,1.0,Everyday,American or Italian,5,American,1.0,cooked at home,"chicken, pasta, stir fry","chicken,",5,very likely,3,neutral,2,4.0,"$50,001 to $70,000",1,very unlikely,5,very likely,2.0,In a relationship,2,on certain products only,2.0,Rent out of campus,1,Almost everyday,3,$10.01 to $20.00,2.0,unlikely,2.0,very fit,1.0,Yes,2,unlikely,5,very likely,2,No,150.0
36,645506ca76adac10906231cc,3.7,B+,1,Female,3.0,it is moderately important,,,3.0,"Whenever I can, but that is not very often",,,2,unhealthy/cheap/too much/random/,4,3-5 times,2.0,yes part time,4,likely,1.0,Everyday,Italian or Chinese ,1,Italian/French/greek,3.0,both bought at store and cooked at home,"pizza, pasta, grilled cheese ","pizza,",5,very likely,3,neutral,7,6.0,"higher than $100,000",2,unlikely,5,very likely,1.0,Single,3,very rarely,1.0,On campus,2,2-3 times a week,3,$10.01 to $20.00,1.0,very unlikely,4.0,slightly overweight,1.0,Yes,2,unlikely,5,very likely,2,No,150.0
37,645506ca76adac10906231cd,3.4,B,1,Female,4.0,it is very important,,,2.0,A couple of times a week,6.0,other,2,unhealthy/cheap/too much/random/,2,1-2 times,2.0,yes part time,4,likely,3.0,Once a week,Italian,1,Italian/French/greek,1.0,cooked at home,Pasta,,3,neutral,5,very likely,4,6.0,"higher than $100,000",3,neutral,5,very likely,2.0,In a relationship,4,on most products,1.0,On campus,1,Almost everyday,4,$20.01 to $30.00,3.0,neutral,4.0,slightly overweight,1.0,Yes,5,very likely,4,likely,2,No,170.0
38,645506ca76adac10906231ce,3.89,B+,1,Female,3.0,it is moderately important,,,3.0,"Whenever I can, but that is not very often",1.0,American,1,healthy/balanced/moderated/,2,1-2 times,3.0,no,4,likely,2.0,Twice or three times per week,italian,1,Italian/French/greek,1.0,cooked at home,chicken parmesan,,4,likely,3,neutral,6,5.0,"$70,001 to $100,000",3,neutral,5,very likely,2.0,In a relationship,4,on most products,1.0,On campus,1,Almost everyday,3,$10.01 to $20.00,3.0,neutral,4.0,slightly overweight,1.0,Yes,2,unlikely,3,neutral,2,No,150.0
39,645506ca76adac10906231cf,3.0,B,2,Male,,,,,5.0,"Never, I really do not know my way around a kitchen",1.0,American,2,unhealthy/cheap/too much/random/,5,every day,3.0,no,3,neutral,1.0,Everyday,Mexican ,2,Spanish/mexican,1.0,cooked at home,Chicken and steak ,,5,very likely,1,very unlikely,3,6.0,"higher than $100,000",3,neutral,4,likely,2.0,In a relationship,1,never,2.0,Rent out of campus,3,1-2 times a week,3,$10.01 to $20.00,1.0,very unlikely,1.0,slim,1.0,Yes,3,neutral,3,neutral,2,No,175.0
40,645506ca76adac10906231d0,3.4,B,2,Male,3.0,it is moderately important,,,3.0,"Whenever I can, but that is not very often",1.0,American,3,the same thing over and over,2,1-2 times,3.0,no,4,likely,1.0,Everyday,Italian ,1,Italian/French/greek,1.0,cooked at home,"pizza, ice cream. pop tarts ","pizza,",3,neutral,5,very likely,10,6.0,"higher than $100,000",3,neutral,5,very likely,1.0,Single,3,very rarely,1.0,On campus,1,Almost everyday,3,$10.01 to $20.00,3.0,neutral,2.0,very fit,1.0,Yes,3,neutral,4,likely,2,No,140.0
41,645506ca76adac10906231d1,2.9,C+,1,Female,4.0,it is very important,,,2.0,A couple of times a week,1.0,American,4,unclear,4,3-5 times,2.0,yes part time,4,likely,1.0,Everyday,Italian ,1,Italian/French/greek,1.0,cooked at home,Mac cheese ,,5,very likely,5,very likely,6,3.0,"$30,001 to $50,000",3,neutral,5,very likely,1.0,Single,4,on most products,1.0,On campus,1,Almost everyday,3,$10.01 to $20.00,2.0,unlikely,6.0,i dont think myself in these terms,2.0,No,4,likely,5,very likely,1,Yes,120.0
42,645506ca76adac10906231d2,3.6,B+,1,Female,3.0,it is moderately important,,,4.0,I only help a little during holidays,1.0,American,2,unhealthy/cheap/too much/random/,2,1-2 times,2.0,yes part time,3,neutral,,,Italian,1,Italian/French/greek,1.0,cooked at home,"French Toast, Grilled Cheese, Orange Chicken","French Toast,",5,very likely,5,very likely,6,6.0,"higher than $100,000",4,likely,5,very likely,1.0,Single,1,never,1.0,On campus,2,2-3 times a week,3,$10.01 to $20.00,2.0,unlikely,3.0,just right,2.0,No,4,likely,4,likely,2,No,135.0
43,645506ca76adac10906231d3,3.5,B+,1,Female,2.0,it is not at all important,,,3.0,"Whenever I can, but that is not very often",1.0,American,2,unhealthy/cheap/too much/random/,1,Never,,,5,very likely,,,chinese,4,asian/chineses/thai/nepal,3.0,both bought at store and cooked at home,"pickles, chinese food, pizza","pickles,",4,likely,5,very likely,6,3.0,"$30,001 to $50,000",5,very likely,5,very likely,2.0,In a relationship,3,very rarely,,,1,Almost everyday,2,$5.01 to $10.00,5.0,very likely,,,2.0,No,5,very likely,4,likely,1,Yes,100.0
44,645506ca76adac10906231d4,3.2,B,1,Female,4.0,it is very important,,,1.0,Every day,1.0,American,1,healthy/balanced/moderated/,2,1-2 times,2.0,yes part time,5,very likely,1.0,Everyday,Thai food,4,asian/chineses/thai/nepal,1.0,cooked at home,"Mac and Cheese, Hot Dogs, Grilled Cheese","Mac and Cheese,",5,very likely,5,very likely,8,5.0,"$70,001 to $100,000",5,very likely,5,very likely,1.0,Single,4,on most products,2.0,Rent out of campus,1,Almost everyday,6,more than $40.01,5.0,very likely,3.0,just right,1.0,Yes,5,very likely,5,very likely,1,Yes,170.0
45,645506ca76adac10906231d5,3.605,B+,1,Female,3.0,it is moderately important,,,3.0,"Whenever I can, but that is not very often",1.0,American,1,healthy/balanced/moderated/,2,1-2 times,2.0,yes part time,5,very likely,,,Greek,1,Italian/French/greek,1.0,cooked at home,"Hamloaf, tuna fish salad, mac and cheese ","Hamloaf,",5,very likely,5,very likely,3,6.0,"higher than $100,000",5,very likely,5,very likely,2.0,In a relationship,2,on certain products only,1.0,On campus,2,2-3 times a week,4,$20.01 to $30.00,5.0,very likely,1.0,slim,2.0,No,5,very likely,5,very likely,2,No,113.0
46,645506ca76adac10906231d6,3.5,B+,1,Female,3.0,it is moderately important,,,1.0,Every day,2.0,Mexican.Spanish,3,the same thing over and over,2,1-2 times,2.0,yes part time,5,very likely,2.0,Twice or three times per week,Mexican,2,Spanish/mexican,1.0,cooked at home,Steak,,5,very likely,5,very likely,4,5.0,"$70,001 to $100,000",5,very likely,5,very likely,1.0,Single,2,on certain products only,2.0,Rent out of campus,1,Almost everyday,4,$20.01 to $30.00,4.0,likely,3.0,just right,1.0,Yes,5,very likely,5,very likely,1,Yes,155.0
47,645506ca76adac10906231d7,3.8,B+,2,Male,2.0,it is not at all important,,,3.0,"Whenever I can, but that is not very often",1.0,American,2,unhealthy/cheap/too much/random/,2,1-2 times,2.0,yes part time,4,likely,2.0,Twice or three times per week,Italian ,1,Italian/French/greek,1.0,cooked at home,"chicken soup,  perogies, & roast beef  ","chicken soup,",4,likely,4,likely,4,4.0,"$50,001 to $70,000",3,neutral,5,very likely,1.0,Single,3,very rarely,1.0,On campus,2,2-3 times a week,3,$10.01 to $20.00,3.0,neutral,3.0,just right,1.0,Yes,3,neutral,4,likely,2,No,168.0
48,645506ca76adac10906231d8,2.8,C+,2,Male,,,,,4.0,I only help a little during holidays,1.0,American,2,unhealthy/cheap/too much/random/,2,1-2 times,,,3,neutral,1.0,Everyday,Italian ,1,Italian/French/greek,3.0,both bought at store and cooked at home,"lasagna, meatloaf, pizza","lasagna,",5,very likely,3,neutral,8,6.0,"higher than $100,000",2,unlikely,4,likely,1.0,Single,2,on certain products only,1.0,On campus,1,Almost everyday,3,$10.01 to $20.00,4.0,likely,2.0,very fit,1.0,Yes,1,very unlikely,5,very likely,2,No,145.0
49,645506ca76adac10906231d9,3.5,B+,2,Male,,,,,4.0,I only help a little during holidays,1.0,American,2,unhealthy/cheap/too much/random/,2,1-2 times,3.0,no,4,likely,1.0,Everyday,Asian ,4,asian/chineses/thai/nepal,1.0,cooked at home,"Tacos, Spaghetti, and Roast","Tacos,",5,very likely,4,likely,2,5.0,"$70,001 to $100,000",4,likely,5,very likely,1.0,Single,3,very rarely,1.0,On campus,1,Almost everyday,3,$10.01 to $20.00,4.0,likely,1.0,slim,1.0,Yes,4,likely,5,very likely,1,Yes,155.0
50,645506ca76adac10906231da,3.83,B+,2,Male,3.0,it is moderately important,,,3.0,"Whenever I can, but that is not very often",2.0,Mexican.Spanish,2,unhealthy/cheap/too much/random/,2,1-2 times,,,3,neutral,2.0,Twice or three times per week,Italian ,1,Italian/French/greek,1.0,cooked at home,"mac and cheease, mashed potatoes, salmon","mac and cheease,",3,neutral,4,likely,9,3.0,"$30,001 to $50,000",4,likely,5,very likely,2.0,In a relationship,2,on certain products only,1.0,On campus,2,2-3 times a week,6,more than $40.01,,,1.0,slim,2.0,No,4,likely,3,neutral,2,No,150.0
51,645506ca76adac10906231db,3.6,B+,2,Male,3.0,it is moderately important,,,5.0,"Never, I really do not know my way around a kitchen",1.0,American,1,healthy/balanced/moderated/,2,1-2 times,3.0,no,2,unlikely,1.0,Everyday,American,5,American,2.0,store bought,Pizza,,4,likely,1,very unlikely,8,1.0,"less than $15,000",1,very unlikely,3,neutral,1.0,Single,5,on everything,3.0,Live with my parents and commute,1,Almost everyday,3,$10.01 to $20.00,1.0,very unlikely,3.0,just right,2.0,No,1,very unlikely,5,very likely,2,No,169.0
52,645506ca76adac10906231dc,3.3,B,2,Male,4.0,it is very important,,,3.0,"Whenever I can, but that is not very often",1.0,American,4,unclear,3,2-3 times,3.0,no,5,very likely,1.0,Everyday,All ,0,none,1.0,cooked at home,Steak ,,5,very likely,5,very likely,8,6.0,"higher than $100,000",5,very likely,5,very likely,1.0,Single,5,on everything,1.0,On campus,1,Almost everyday,3,$10.01 to $20.00,5.0,very likely,2.0,very fit,1.0,Yes,5,very likely,4,likely,1,Yes,185.0
53,645506ca76adac10906231dd,3.3,B,2,Male,4.0,it is very important,,,1.0,Every day,1.0,American,3,the same thing over and over,5,every day,,,4,likely,1.0,Everyday,Mexican ,2,Spanish/mexican,1.0,cooked at home,"Grilled chicken, pasta, and turkey ","Grilled chicken,",5,very likely,5,very likely,1,5.0,"$70,001 to $100,000",3,neutral,5,very likely,1.0,Single,5,on everything,1.0,On campus,1,Almost everyday,3,$10.01 to $20.00,3.0,neutral,2.0,very fit,1.0,Yes,3,neutral,5,very likely,2,No,200.0
54,645506ca76adac10906231de,3.292,B,2,Male,,,,,4.0,I only help a little during holidays,1.0,American,4,unclear,3,2-3 times,,,3,neutral,,,Sub sandwhiches,5,American,3.0,both bought at store and cooked at home,"Chicken, Pizza, Cherry tomatoes","Chicken,",4,likely,4,likely,5,3.0,"$30,001 to $50,000",2,unlikely,5,very likely,1.0,Single,1,never,3.0,Live with my parents and commute,1,Almost everyday,3,$10.01 to $20.00,3.0,neutral,4.0,slightly overweight,2.0,No,1,very unlikely,4,likely,1,Yes,265.0
55,645506ca76adac10906231df,3.5,B+,2,Male,3.0,it is moderately important,,,1.0,Every day,2.0,Mexican.Spanish,1,healthy/balanced/moderated/,3,2-3 times,3.0,no,5,very likely,1.0,Everyday,Italian,1,Italian/French/greek,1.0,cooked at home,Chicken Alfredo,,5,very likely,5,very likely,10,6.0,"higher than $100,000",4,likely,5,very likely,1.0,Single,4,on most products,1.0,On campus,1,Almost everyday,6,more than $40.01,2.0,unlikely,2.0,very fit,1.0,Yes,4,likely,5,very likely,1,Yes,165.0
56,645506ca76adac10906231e0,3.35,B,1,Female,2.0,it is not at all important,,,3.0,"Whenever I can, but that is not very often",,,2,unhealthy/cheap/too much/random/,5,every day,3.0,no,3,neutral,1.0,Everyday,italian,1,Italian/French/greek,1.0,cooked at home,steak and cheesy potatoes,,4,likely,3,neutral,8,3.0,"$30,001 to $50,000",2,unlikely,5,very likely,1.0,Single,3,very rarely,1.0,On campus,2,2-3 times a week,2,$5.01 to $10.00,2.0,unlikely,3.0,just right,1.0,Yes,3,neutral,4,likely,2,No,192.0
57,645506ca76adac10906231e1,3.8,B+,2,Male,4.0,it is very important,,,3.0,"Whenever I can, but that is not very often",1.0,American,1,healthy/balanced/moderated/,4,3-5 times,3.0,no,5,very likely,1.0,Everyday,Thai,4,asian/chineses/thai/nepal,1.0,cooked at home,Meatloaf,,5,very likely,4,likely,1,6.0,"higher than $100,000",5,very likely,5,very likely,1.0,Single,4,on most products,2.0,Rent out of campus,1,Almost everyday,4,$20.01 to $30.00,4.0,likely,2.0,very fit,1.0,Yes,5,very likely,5,very likely,1,Yes,175.0
58,645506ca76adac10906231e2,2.8,C+,1,Female,4.0,it is very important,,,2.0,A couple of times a week,1.0,American,1,healthy/balanced/moderated/,3,2-3 times,2.0,yes part time,2,unlikely,1.0,Everyday,Wraps ,5,American,3.0,both bought at store and cooked at home,Pizza pasta and quesadillas ,,4,likely,5,very likely,9,5.0,"$70,001 to $100,000",2,unlikely,5,very likely,1.0,Single,5,on everything,1.0,On campus,1,Almost everyday,3,$10.01 to $20.00,1.0,very unlikely,2.0,very fit,1.0,Yes,2,unlikely,4,likely,1,Yes,140.0
59,645506ca76adac10906231e3,3.7,B+,1,Female,,,,,2.0,A couple of times a week,1.0,American,3,the same thing over and over,2,1-2 times,3.0,no,5,very likely,,,Italian ,1,Italian/French/greek,3.0,both bought at store and cooked at home,Mac and cheese ,,5,very likely,5,very likely,7,6.0,"higher than $100,000",5,very likely,5,very likely,1.0,Single,2,on certain products only,2.0,Rent out of campus,2,2-3 times a week,3,$10.01 to $20.00,4.0,likely,3.0,just right,1.0,Yes,5,very likely,4,likely,2,No,155.0
60,645506ca76adac10906231e4,3.6,B+,1,Female,4.0,it is very important,,,2.0,A couple of times a week,1.0,American,1,healthy/balanced/moderated/,5,every day,3.0,no,5,very likely,1.0,Everyday,Mexican ,2,Spanish/mexican,1.0,cooked at home,lasagna,,5,very likely,4,likely,3,6.0,"higher than $100,000",1,very unlikely,5,very likely,1.0,Single,4,on most products,1.0,On campus,1,Almost everyday,3,$10.01 to $20.00,1.0,very unlikely,2.0,very fit,1.0,Yes,1,very unlikely,5,very likely,1,Yes,135.0
61,645506ca76adac10906231e5,,,1,Female,2.0,it is not at all important,,,2.0,A couple of times a week,,,1,healthy/balanced/moderated/,2,1-2 times,2.0,yes part time,4,likely,2.0,Twice or three times per week,Mexican ,2,Spanish/mexican,2.0,store bought,Chocolate,,3,neutral,3,neutral,2,4.0,"$50,001 to $70,000",2,unlikely,4,likely,2.0,In a relationship,4,on most products,3.0,Live with my parents and commute,1,Almost everyday,2,$5.01 to $10.00,3.0,neutral,2.0,very fit,2.0,No,2,unlikely,3,neutral,1,Yes,118.0
62,645506ca76adac10906231e6,3.9,B+,2,Male,4.0,it is very important,,,3.0,"Whenever I can, but that is not very often",1.0,American,1,healthy/balanced/moderated/,5,every day,2.0,yes part time,2,unlikely,1.0,Everyday,Italian,1,Italian/French/greek,1.0,cooked at home,"Pizza, Pasta, Chicken","Pizza,",4,likely,3,neutral,2,6.0,"higher than $100,000",2,unlikely,5,very likely,1.0,Single,4,on most products,1.0,On campus,2,2-3 times a week,3,$10.01 to $20.00,2.0,unlikely,2.0,very fit,1.0,Yes,2,unlikely,4,likely,1,Yes,210.0
63,645506ca76adac10906231e7,2.6,C+,1,Female,4.0,it is very important,,,3.0,"Whenever I can, but that is not very often",2.0,Mexican.Spanish,1,healthy/balanced/moderated/,4,3-5 times,3.0,no,5,very likely,1.0,Everyday,Italian ,1,Italian/French/greek,1.0,cooked at home,"chicken tenders, pasta, mac&cheese ","chicken tenders,",5,very likely,4,likely,8,5.0,"$70,001 to $100,000",4,likely,4,likely,2.0,In a relationship,4,on most products,1.0,On campus,1,Almost everyday,3,$10.01 to $20.00,4.0,likely,2.0,very fit,1.0,Yes,4,likely,5,very likely,2,No,180.0
64,645506ca76adac10906231e8,3.5,B+,1,Female,3.0,it is moderately important,,,1.0,Every day,1.0,American,1,healthy/balanced/moderated/,3,2-3 times,2.0,yes part time,4,likely,1.0,Everyday,Chinese cuisine (General Tso's),4,asian/chineses/thai/nepal,3.0,both bought at store and cooked at home,"chicken stir fry, spaghetti, chicken parmesan ","chicken stir fry,",5,very likely,4,likely,3,2.0,"$15,001 to $30,000",3,neutral,5,very likely,2.0,In a relationship,4,on most products,1.0,On campus,1,Almost everyday,2,$5.01 to $10.00,3.0,neutral,4.0,slightly overweight,1.0,Yes,3,neutral,5,very likely,1,Yes,140.0
65,645506ca76adac10906231e9,3.2,B,1,Female,,,,,2.0,A couple of times a week,2.0,Mexican.Spanish,2,unhealthy/cheap/too much/random/,3,2-3 times,3.0,no,3,neutral,2.0,Twice or three times per week,Italian,1,Italian/French/greek,3.0,both bought at store and cooked at home,"Mac and Cheese, Chicken nuggets","Mac and Cheese,",3,neutral,3,neutral,3,6.0,"higher than $100,000",1,very unlikely,5,very likely,2.0,In a relationship,1,never,1.0,On campus,2,2-3 times a week,5,$30.01 to $40.00,1.0,very unlikely,2.0,very fit,2.0,No,4,likely,3,neutral,2,No,112.0
66,645506ca76adac10906231ea,3.0,B,1,Female,3.0,it is moderately important,,,2.0,A couple of times a week,1.0,American,1,healthy/balanced/moderated/,2,1-2 times,3.0,no,3,neutral,,,American ,5,American,1.0,cooked at home,Mac and cheese ,,5,very likely,4,likely,3,4.0,"$50,001 to $70,000",3,neutral,5,very likely,2.0,In a relationship,4,on most products,1.0,On campus,1,Almost everyday,3,$10.01 to $20.00,3.0,neutral,2.0,very fit,1.0,Yes,3,neutral,5,very likely,1,Yes,125.0
67,645506ca76adac10906231eb,3.6,B+,1,Female,2.0,it is not at all important,,,4.0,I only help a little during holidays,1.0,American,2,unhealthy/cheap/too much/random/,3,2-3 times,2.0,yes part time,5,very likely,2.0,Twice or three times per week,Italian ,1,Italian/French/greek,1.0,cooked at home,"Mac&Cheese, Chicken Nuggets ","Mac&Cheese,",5,very likely,2,unlikely,2,5.0,"$70,001 to $100,000",2,unlikely,4,likely,2.0,In a relationship,2,on certain products only,1.0,On campus,2,2-3 times a week,4,$20.01 to $30.00,1.0,very unlikely,2.0,very fit,1.0,Yes,2,unlikely,5,very likely,2,No,144.0
68,645506ca76adac10906231ec,3.2,B,1,Female,3.0,it is moderately important,,,3.0,"Whenever I can, but that is not very often",1.0,American,1,healthy/balanced/moderated/,1,Never,3.0,no,4,likely,1.0,Everyday,Italian ,1,Italian/French/greek,1.0,cooked at home,"Pasta, pizza, meatballs ","Pasta,",5,very likely,3,neutral,8,6.0,"higher than $100,000",2,unlikely,5,very likely,2.0,In a relationship,3,very rarely,1.0,On campus,1,Almost everyday,4,$20.01 to $30.00,2.0,unlikely,3.0,just right,1.0,Yes,4,likely,5,very likely,2,No,145.0
69,645506ca76adac10906231ed,3.67,B+,1,Female,4.0,it is very important,,,2.0,A couple of times a week,,,2,unhealthy/cheap/too much/random/,2,1-2 times,3.0,no,2,unlikely,2.0,Twice or three times per week,Italian,1,Italian/French/greek,1.0,cooked at home,"Steak, Garlic and butter noodles, schnitzle","Steak,",3,neutral,1,very unlikely,3,6.0,"higher than $100,000",1,very unlikely,5,very likely,2.0,In a relationship,4,on most products,2.0,Rent out of campus,1,Almost everyday,3,$10.01 to $20.00,1.0,very unlikely,3.0,just right,2.0,No,5,very likely,5,very likely,1,Yes,130.0
70,645506ca76adac10906231ee,3.73,B+,1,Female,3.0,it is moderately important,,,3.0,"Whenever I can, but that is not very often",1.0,American,1,healthy/balanced/moderated/,1,Never,2.0,yes part time,5,very likely,2.0,Twice or three times per week,Italian,1,Italian/French/greek,1.0,cooked at home,Pizza and Spaghetti,,5,very likely,5,very likely,3,3.0,"$30,001 to $50,000",5,very likely,5,very likely,2.0,In a relationship,2,on certain products only,1.0,On campus,1,Almost everyday,3,$10.01 to $20.00,5.0,very likely,3.0,just right,1.0,Yes,5,very likely,5,very likely,1,Yes,140.0
71,645506ca76adac10906231ef,4.0,A,1,Female,,,,,2.0,A couple of times a week,1.0,American,1,healthy/balanced/moderated/,1,Never,2.0,yes part time,5,very likely,1.0,Everyday,Italian ,1,Italian/French/greek,1.0,cooked at home,Spaghetti ,,5,very likely,3,neutral,5,5.0,"$70,001 to $100,000",4,likely,5,very likely,2.0,In a relationship,4,on most products,1.0,On campus,1,Almost everyday,6,more than $40.01,3.0,neutral,4.0,slightly overweight,1.0,Yes,4,likely,5,very likely,1,Yes,140.0
72,645506ca76adac10906231f0,3.1,B,2,Male,3.0,it is moderately important,,,3.0,"Whenever I can, but that is not very often",1.0,American,2,unhealthy/cheap/too much/random/,1,Never,2.0,yes part time,4,likely,2.0,Twice or three times per week,Lean,0,none,2.0,store bought,Pizza Mac n Cheese Pasta,,5,very likely,2,unlikely,3,5.0,"$70,001 to $100,000",3,neutral,5,very likely,1.0,Single,2,on certain products only,1.0,On campus,1,Almost everyday,2,$5.01 to $10.00,2.0,unlikely,3.0,just right,2.0,No,3,neutral,5,very likely,1,Yes,140.0
73,645506ca76adac10906231f1,3.79,B+,2,Male,4.0,it is very important,,,1.0,Every day,1.0,American,2,unhealthy/cheap/too much/random/,4,3-5 times,3.0,no,3,neutral,1.0,Everyday,Mexican,2,Spanish/mexican,1.0,cooked at home,Pizza,,3,neutral,3,neutral,1,6.0,"higher than $100,000",1,very unlikely,5,very likely,2.0,In a relationship,5,on everything,3.0,Live with my parents and commute,1,Almost everyday,3,$10.01 to $20.00,1.0,very unlikely,3.0,just right,1.0,Yes,2,unlikely,4,likely,1,Yes,200.0
74,645506ca76adac10906231f2,2.71,C+,2,Male,2.0,it is not at all important,,,2.0,A couple of times a week,4.0,Indian,4,unclear,1,Never,3.0,no,3,neutral,2.0,Twice or three times per week,,0,none,2.0,store bought,,,4,likely,3,neutral,8,3.0,"$30,001 to $50,000",3,neutral,3,neutral,4.0,Married,2,on certain products only,2.0,Rent out of campus,3,1-2 times a week,5,$30.01 to $40.00,3.0,neutral,3.0,just right,2.0,No,3,neutral,4,likely,2,No,
75,645506ca76adac10906231f3,3.0,B,1,Female,3.0,it is moderately important,,,3.0,"Whenever I can, but that is not very often",1.0,American,1,healthy/balanced/moderated/,2,1-2 times,2.0,yes part time,5,very likely,1.0,Everyday,italian ,1,Italian/French/greek,1.0,cooked at home,"salad, chicken, pizza","salad,",5,very likely,3,neutral,6,5.0,"$70,001 to $100,000",4,likely,5,very likely,2.0,In a relationship,4,on most products,1.0,On campus,2,2-3 times a week,4,$20.01 to $30.00,3.0,neutral,3.0,just right,2.0,No,4,likely,4,likely,1,Yes,120.0
76,645506ca76adac10906231f4,3.7,B+,1,Female,3.0,it is moderately important,,,2.0,A couple of times a week,1.0,American,2,unhealthy/cheap/too much/random/,2,1-2 times,2.0,yes part time,2,unlikely,2.0,Twice or three times per week,american ,5,American,3.0,both bought at store and cooked at home,"pizza, mashed potatoes, chocolate chip cookies","pizza,",4,likely,2,unlikely,4,3.0,"$30,001 to $50,000",1,very unlikely,5,very likely,1.0,Single,3,very rarely,2.0,Rent out of campus,1,Almost everyday,3,$10.01 to $20.00,1.0,very unlikely,4.0,slightly overweight,1.0,Yes,1,very unlikely,2,unlikely,2,No,150.0
77,645506ca76adac10906231f5,3.1,B,2,Male,2.0,it is not at all important,,,2.0,A couple of times a week,1.0,American,2,unhealthy/cheap/too much/random/,2,1-2 times,2.0,yes part time,1,very unlikely,2.0,Twice or three times per week,American ,5,American,2.0,store bought,Pizza and wings ,,3,neutral,1,very unlikely,4,3.0,"$30,001 to $50,000",1,very unlikely,4,likely,2.0,In a relationship,1,never,1.0,On campus,1,Almost everyday,3,$10.01 to $20.00,1.0,very unlikely,3.0,just right,1.0,Yes,2,unlikely,2,unlikely,2,No,200.0
78,645506ca76adac10906231f6,3.0,B,1,Female,3.0,it is moderately important,,,2.0,A couple of times a week,1.0,American,3,the same thing over and over,2,1-2 times,2.0,yes part time,3,neutral,1.0,Everyday,Japanese,4,asian/chineses/thai/nepal,1.0,cooked at home,"tacos, pizza, chicken wing dip","tacos,",5,very likely,4,likely,8,5.0,"$70,001 to $100,000",3,neutral,4,likely,2.0,In a relationship,4,on most products,1.0,On campus,1,Almost everyday,3,$10.01 to $20.00,2.0,unlikely,3.0,just right,1.0,Yes,3,neutral,4,likely,1,Yes,135.0
79,645506ca76adac10906231f7,3.9,B+,2,Male,3.0,it is moderately important,,,5.0,"Never, I really do not know my way around a kitchen",1.0,American,2,unhealthy/cheap/too much/random/,1,Never,3.0,no,5,very likely,1.0,Everyday,Chinese,4,asian/chineses/thai/nepal,1.0,cooked at home,Sloppy joes,,5,very likely,5,very likely,1,6.0,"higher than $100,000",4,likely,5,very likely,1.0,Single,4,on most products,1.0,On campus,1,Almost everyday,3,$10.01 to $20.00,4.0,likely,2.0,very fit,1.0,Yes,5,very likely,4,likely,2,No,145.0
80,645506ca76adac10906231f8,3.4,B,1,Female,2.0,it is not at all important,,,3.0,"Whenever I can, but that is not very often",1.0,American,2,unhealthy/cheap/too much/random/,3,2-3 times,2.0,yes part time,4,likely,2.0,Twice or three times per week,Italian,1,Italian/French/greek,3.0,both bought at store and cooked at home,"Spaghetti and Meatballs, Steak, and Burgers","Spaghetti and Meatballs,",3,neutral,3,neutral,4,4.0,"$50,001 to $70,000",3,neutral,5,very likely,1.0,Single,2,on certain products only,1.0,On campus,1,Almost everyday,3,$10.01 to $20.00,3.0,neutral,3.0,just right,2.0,No,4,likely,2,unlikely,1,Yes,130.0
81,645506ca76adac10906231f9,3.5,B+,1,Female,3.0,it is moderately important,,,3.0,"Whenever I can, but that is not very often",1.0,American,2,unhealthy/cheap/too much/random/,3,2-3 times,3.0,no,4,likely,1.0,Everyday,Italian,1,Italian/French/greek,1.0,cooked at home,"chicken fingers, pasta, pizza","chicken fingers,",4,likely,4,likely,2,4.0,"$50,001 to $70,000",4,likely,5,very likely,2.0,In a relationship,2,on certain products only,1.0,On campus,3,1-2 times a week,5,$30.01 to $40.00,4.0,likely,4.0,slightly overweight,1.0,Yes,4,likely,2,unlikely,2,No,190.0
82,645506ca76adac10906231fa,3.7,B+,1,Female,,,,,,,1.0,American,4,unclear,5,every day,3.0,no,4,likely,1.0,Everyday,Italian,1,Italian/French/greek,1.0,cooked at home,spaghetti and tacos,,3,neutral,3,neutral,8,3.0,"$30,001 to $50,000",3,neutral,5,very likely,1.0,Single,3,very rarely,1.0,On campus,2,2-3 times a week,3,$10.01 to $20.00,3.0,neutral,3.0,just right,1.0,Yes,3,neutral,3,neutral,2,No,170.0
83,645506ca76adac10906231fb,3.7,B+,1,Female,3.0,it is moderately important,,,2.0,A couple of times a week,1.0,American,2,unhealthy/cheap/too much/random/,2,1-2 times,,,5,very likely,,,Any type of Colombian cuisine,2,Spanish/mexican,1.0,cooked at home,Spaghetti or  chicken panini sandwich ,,4,likely,5,very likely,4,1.0,"less than $15,000",5,very likely,5,very likely,,,3,very rarely,1.0,On campus,2,2-3 times a week,2,$5.01 to $10.00,5.0,very likely,3.0,just right,1.0,Yes,5,very likely,4,likely,2,No,127.0
84,645506ca76adac10906231fc,3.83,B+,1,Female,3.0,it is moderately important,,,1.0,Every day,1.0,American,1,healthy/balanced/moderated/,2,1-2 times,3.0,no,5,very likely,1.0,Everyday,Mexican cuisine,2,Spanish/mexican,3.0,both bought at store and cooked at home,Spaghetti and Pop-tarts,,5,very likely,5,very likely,9,5.0,"$70,001 to $100,000",5,very likely,5,very likely,2.0,In a relationship,5,on everything,1.0,On campus,1,Almost everyday,3,$10.01 to $20.00,4.0,likely,2.0,very fit,1.0,Yes,5,very likely,5,very likely,1,Yes,167.0
85,645506ca76adac10906231fd,2.6,C+,1,Female,3.0,it is moderately important,,,3.0,"Whenever I can, but that is not very often",1.0,American,3,the same thing over and over,3,2-3 times,2.0,yes part time,3,neutral,3.0,Once a week,Asian,4,asian/chineses/thai/nepal,3.0,both bought at store and cooked at home,"Pasta, breakfast for dinner, pizza","Pasta,",5,very likely,4,likely,7,6.0,"higher than $100,000",2,unlikely,5,very likely,2.0,In a relationship,3,very rarely,1.0,On campus,2,2-3 times a week,3,$10.01 to $20.00,3.0,neutral,3.0,just right,2.0,No,3,neutral,4,likely,1,Yes,140.0
86,645506ca76adac10906231fe,3.0,B,1,Female,3.0,it is moderately important,,,2.0,A couple of times a week,1.0,American,1,healthy/balanced/moderated/,1,Never,3.0,no,4,likely,2.0,Twice or three times per week,Chinese food,4,asian/chineses/thai/nepal,3.0,both bought at store and cooked at home,"peanut butter and jelly, celery and peanut butter, hot pockets ","peanut butter and jelly,",5,very likely,4,likely,3,6.0,"higher than $100,000",4,likely,5,very likely,1.0,Single,5,on everything,1.0,On campus,1,Almost everyday,3,$10.01 to $20.00,3.0,neutral,4.0,slightly overweight,1.0,Yes,4,likely,4,likely,1,Yes,190.0
87,645506ca76adac10906231ff,3.2,B,2,Male,3.0,it is moderately important,,,4.0,I only help a little during holidays,1.0,American,2,unhealthy/cheap/too much/random/,2,1-2 times,2.0,yes part time,3,neutral,1.0,Everyday,mac and cheese,5,American,2.0,store bought,pizza,,4,likely,1,very unlikely,5,6.0,"higher than $100,000",1,very unlikely,5,very likely,1.0,Single,2,on certain products only,1.0,On campus,1,Almost everyday,3,$10.01 to $20.00,1.0,very unlikely,4.0,slightly overweight,1.0,Yes,1,very unlikely,4,likely,1,Yes,155.0
88,645506ca76adac1090623200,3.5,B+,2,Male,4.0,it is very important,,,,,1.0,American,2,unhealthy/cheap/too much/random/,1,Never,2.0,yes part time,5,very likely,1.0,Everyday,Mexican,2,Spanish/mexican,1.0,cooked at home,"Quesadilla, chocolate, steak","Quesadilla,",4,likely,5,very likely,7,2.0,"$15,001 to $30,000",5,very likely,5,very likely,1.0,Single,5,on everything,1.0,On campus,1,Almost everyday,4,$20.01 to $30.00,5.0,very likely,2.0,very fit,2.0,No,5,very likely,4,likely,1,Yes,175.0
89,645506ca76adac1090623201,3.2,B,1,Female,3.0,it is moderately important,,,3.0,"Whenever I can, but that is not very often",,,2,unhealthy/cheap/too much/random/,2,1-2 times,2.0,yes part time,5,very likely,1.0,Everyday,Authentic Chinese and Vietnamese food ,4,asian/chineses/thai/nepal,1.0,cooked at home,"Jollof Rice, Bread, pasta ","Jollof Rice,",5,very likely,4,likely,7,3.0,"$30,001 to $50,000",5,very likely,5,very likely,1.0,Single,5,on everything,1.0,On campus,2,2-3 times a week,3,$10.01 to $20.00,4.0,likely,3.0,just right,2.0,No,5,very likely,5,very likely,1,Yes,129.0
90,645506ca76adac1090623202,3.68,B+,2,Male,4.0,it is very important,,,4.0,I only help a little during holidays,,,1,healthy/balanced/moderated/,2,1-2 times,3.0,no,3,neutral,1.0,Everyday,italian and chinese,1,Italian/French/greek,1.0,cooked at home,"Chinese food, pizza, chicken adobo","Chinese food,",5,very likely,4,likely,7,6.0,"higher than $100,000",3,neutral,5,very likely,1.0,Single,2,on certain products only,1.0,On campus,1,Almost everyday,4,$20.01 to $30.00,3.0,neutral,4.0,slightly overweight,1.0,Yes,3,neutral,4,likely,1,Yes,260.0
91,645506ca76adac1090623203,3.8,B+,1,Female,2.0,it is not at all important,,,2.0,A couple of times a week,1.0,American,2,unhealthy/cheap/too much/random/,3,2-3 times,2.0,yes part time,2,unlikely,2.0,Twice or three times per week,American,5,American,3.0,both bought at store and cooked at home,"Pasta, chicken, pizza ","Pasta,",2,unlikely,1,very unlikely,5,6.0,"higher than $100,000",1,very unlikely,4,likely,2.0,In a relationship,3,very rarely,2.0,Rent out of campus,3,1-2 times a week,3,$10.01 to $20.00,1.0,very unlikely,3.0,just right,2.0,No,1,very unlikely,1,very unlikely,2,No,135.0
92,645506ca76adac1090623204,3.3,B,2,Male,,,,,2.0,A couple of times a week,1.0,American,2,unhealthy/cheap/too much/random/,5,every day,2.0,yes part time,1,very unlikely,3.0,Once a week,Barbecue ,5,American,1.0,cooked at home,"Steak, Chicken Tenders, Pizza","Steak,",1,very unlikely,1,very unlikely,8,3.0,"$30,001 to $50,000",1,very unlikely,5,very likely,2.0,In a relationship,2,on certain products only,1.0,On campus,1,Almost everyday,3,$10.01 to $20.00,1.0,very unlikely,4.0,slightly overweight,1.0,Yes,1,very unlikely,4,likely,2,No,190.0
93,645506ca76adac1090623205,3.2,B,2,Male,,,,,4.0,I only help a little during holidays,1.0,American,2,unhealthy/cheap/too much/random/,2,1-2 times,3.0,no,5,very likely,3.0,Once a week,Italian,1,Italian/French/greek,1.0,cooked at home,"Spaghetti, Italian potato soup","Spaghetti,",4,likely,4,likely,6,4.0,"$50,001 to $70,000",5,very likely,5,very likely,1.0,Single,1,never,1.0,On campus,1,Almost everyday,4,$20.01 to $30.00,5.0,very likely,3.0,just right,2.0,No,5,very likely,5,very likely,2,No,165.0
94,645506ca76adac1090623206,3.75,B+,2,Male,3.0,it is moderately important,,,2.0,A couple of times a week,,,1,healthy/balanced/moderated/,2,1-2 times,,,5,very likely,1.0,Everyday,lebanese or greek,1,Italian/French/greek,1.0,cooked at home,"steak, spaghetti, salmon","steak,",5,very likely,5,very likely,7,6.0,"higher than $100,000",5,very likely,5,very likely,2.0,In a relationship,4,on most products,1.0,On campus,1,Almost everyday,3,$10.01 to $20.00,5.0,very likely,3.0,just right,1.0,Yes,5,very likely,5,very likely,1,Yes,175.0
95,645506ca76adac1090623207,3.5,B+,2,Male,,,,,3.0,"Whenever I can, but that is not very often",1.0,American,2,unhealthy/cheap/too much/random/,2,1-2 times,3.0,no,4,likely,1.0,Everyday,American,5,American,3.0,both bought at store and cooked at home,Macaroni and Cheese,,4,likely,4,likely,10,5.0,"$70,001 to $100,000",3,neutral,5,very likely,2.0,In a relationship,3,very rarely,1.0,On campus,1,Almost everyday,3,$10.01 to $20.00,3.0,neutral,2.0,very fit,1.0,Yes,4,likely,4,likely,2,No,184.0
96,645506ca76adac1090623208,3.92,B+,2,Male,3.0,it is moderately important,,,2.0,A couple of times a week,2.0,Mexican.Spanish,2,unhealthy/cheap/too much/random/,2,1-2 times,2.0,yes part time,4,likely,2.0,Twice or three times per week,Italian,1,Italian/French/greek,3.0,both bought at store and cooked at home,Pizza,,3,neutral,3,neutral,2,6.0,"higher than $100,000",3,neutral,5,very likely,1.0,Single,2,on certain products only,1.0,On campus,2,2-3 times a week,3,$10.01 to $20.00,3.0,neutral,6.0,i dont think myself in these terms,2.0,No,3,neutral,2,unlikely,1,Yes,210.0
97,645506ca76adac1090623209,3.9,B+,1,Female,3.0,it is moderately important,,,3.0,"Whenever I can, but that is not very often",1.0,American,1,healthy/balanced/moderated/,2,1-2 times,2.0,yes part time,3,neutral,1.0,Everyday,Italian,1,Italian/French/greek,1.0,cooked at home,"Chicken Parm, Spaghetti, and Grilled Cheese","Chicken Parm,",5,very likely,2,unlikely,1,5.0,"$70,001 to $100,000",2,unlikely,5,very likely,1.0,Single,4,on most products,1.0,On campus,1,Almost everyday,5,$30.01 to $40.00,1.0,very unlikely,3.0,just right,1.0,Yes,3,neutral,5,very likely,2,No,155.0
98,645506ca76adac109062320a,3.9,B+,2,Male,3.0,it is moderately important,,,4.0,I only help a little during holidays,6.0,other,2,unhealthy/cheap/too much/random/,5,every day,3.0,no,5,very likely,2.0,Twice or three times per week,Italian,1,Italian/French/greek,,,"Chicken parmigiana, wedding soup, pasta","Chicken parmigiana,",5,very likely,5,very likely,8,6.0,"higher than $100,000",5,very likely,5,very likely,2.0,In a relationship,3,very rarely,4.0,Own my own house,3,1-2 times a week,6,more than $40.01,1.0,very unlikely,4.0,slightly overweight,1.0,Yes,5,very likely,4,likely,1,Yes,185.0
99,645506ca76adac109062320b,3.2,B,1,Female,4.0,it is very important,,,4.0,I only help a little during holidays,2.0,Mexican.Spanish,2,unhealthy/cheap/too much/random/,3,2-3 times,2.0,yes part time,3,neutral,,,italian,1,Italian/French/greek,1.0,cooked at home,"chicken, macaroni & cheese, cheesy potatoes","chicken,",5,very likely,3,neutral,3,4.0,"$50,001 to $70,000",1,very unlikely,5,very likely,2.0,In a relationship,2,on certain products only,1.0,On campus,1,Almost everyday,3,$10.01 to $20.00,1.0,very unlikely,3.0,just right,1.0,Yes,1,very unlikely,5,very likely,1,Yes,165.0
100,645506ca76adac109062320c,3.5,B+,1,Female,3.0,it is moderately important,,,3.0,"Whenever I can, but that is not very often",1.0,American,1,healthy/balanced/moderated/,2,1-2 times,2.0,yes part time,5,very likely,2.0,Twice or three times per week,Italian ,1,Italian/French/greek,1.0,cooked at home,"Spaghetti, Tuna noodle casserole, Italian sausage","Spaghetti,",5,very likely,5,very likely,2,2.0,"$15,001 to $30,000",5,very likely,5,very likely,2.0,In a relationship,2,on certain products only,1.0,On campus,1,Almost everyday,2,$5.01 to $10.00,5.0,very likely,2.0,very fit,1.0,Yes,5,very likely,5,very likely,2,No,125.0
101,645506ca76adac109062320d,3.4,B,1,Female,,,,,3.0,"Whenever I can, but that is not very often",1.0,American,2,unhealthy/cheap/too much/random/,2,1-2 times,2.0,yes part time,5,very likely,3.0,Once a week,sushi,4,asian/chineses/thai/nepal,3.0,both bought at store and cooked at home,"chicken nuggets, macaroni and cheese","chicken nuggets,",5,very likely,5,very likely,3,5.0,"$70,001 to $100,000",4,likely,5,very likely,1.0,Single,4,on most products,1.0,On campus,1,Almost everyday,2,$5.01 to $10.00,4.0,likely,5.0,overweight,2.0,No,3,neutral,5,very likely,2,No,160.0
102,645506ca76adac109062320e,,,1,Female,4.0,it is very important,,,2.0,A couple of times a week,1.0,American,1,healthy/balanced/moderated/,3,2-3 times,3.0,no,5,very likely,1.0,Everyday,Italian,1,Italian/French/greek,3.0,both bought at store and cooked at home,Pizza,,5,very likely,2,unlikely,7,,,1,very unlikely,5,very likely,1.0,Single,5,on everything,1.0,On campus,2,2-3 times a week,3,$10.01 to $20.00,1.0,very unlikely,4.0,slightly overweight,2.0,No,2,unlikely,5,very likely,1,Yes,135.0
103,645506ca76adac109062320f,3.7,B+,1,Female,3.0,it is moderately important,,,2.0,A couple of times a week,1.0,American,1,healthy/balanced/moderated/,2,1-2 times,2.0,yes part time,5,very likely,2.0,Twice or three times per week,Indian food,8,indian,1.0,cooked at home,Tortellini and Broccoli with parmesan cheese and homemade breaded chicken with sweet potato,,5,very likely,3,neutral,4,4.0,"$50,001 to $70,000",5,very likely,5,very likely,1.0,Single,4,on most products,1.0,On campus,2,2-3 times a week,3,$10.01 to $20.00,3.0,neutral,6.0,i dont think myself in these terms,2.0,No,3,neutral,5,very likely,1,Yes,130.0
104,645506ca76adac1090623210,,,1,Female,3.0,it is moderately important,,,4.0,I only help a little during holidays,1.0,American,2,unhealthy/cheap/too much/random/,2,1-2 times,2.0,yes part time,4,likely,,,Italian ,1,Italian/French/greek,3.0,both bought at store and cooked at home,"Chicken Marsala, Manicotti, Mashed Potatoes","Chicken Marsala,",4,likely,3,neutral,9,5.0,"$70,001 to $100,000",3,neutral,5,very likely,1.0,Single,4,on most products,1.0,On campus,2,2-3 times a week,4,$20.01 to $30.00,2.0,unlikely,5.0,overweight,2.0,No,5,very likely,5,very likely,1,Yes,230.0
105,645506ca76adac1090623211,3.0,B,1,Female,3.0,it is moderately important,,,3.0,"Whenever I can, but that is not very often",1.0,American,2,unhealthy/cheap/too much/random/,3,2-3 times,,,4,likely,2.0,Twice or three times per week,Italian,1,Italian/French/greek,3.0,both bought at store and cooked at home,"hot dogs, chicken fingers, mashed potatoes","hot dogs,",3,neutral,5,very likely,2,4.0,"$50,001 to $70,000",3,neutral,5,very likely,2.0,In a relationship,2,on certain products only,2.0,Rent out of campus,1,Almost everyday,5,$30.01 to $40.00,4.0,likely,3.0,just right,1.0,Yes,3,neutral,2,unlikely,2,No,125.0
106,645506ca76adac1090623212,3.0,B,1,Female,3.0,it is moderately important,,,2.0,A couple of times a week,,,1,healthy/balanced/moderated/,5,every day,,,5,very likely,2.0,Twice or three times per week,Nepali,4,asian/chineses/thai/nepal,1.0,cooked at home,"Chicken Biryani, Dad's burgers, Chicken curry","Chicken Biryani,",5,very likely,5,very likely,7,1.0,"less than $15,000",5,very likely,5,very likely,1.0,Single,4,on most products,1.0,On campus,1,Almost everyday,3,$10.01 to $20.00,4.0,likely,4.0,slightly overweight,2.0,No,4,likely,5,very likely,2,No,130.0
107,645506ca76adac1090623213,3.8,B+,1,Female,3.0,it is moderately important,,,2.0,A couple of times a week,1.0,American,1,healthy/balanced/moderated/,2,1-2 times,2.0,yes part time,4,likely,1.0,Everyday,I really love italian food and thai food,1,Italian/French/greek,3.0,both bought at store and cooked at home,dino chicken nuggets,,4,likely,3,neutral,5,4.0,"$50,001 to $70,000",3,neutral,5,very likely,1.0,Single,2,on certain products only,1.0,On campus,1,Almost everyday,3,$10.01 to $20.00,2.0,unlikely,4.0,slightly overweight,2.0,No,5,very likely,4,likely,2,No,165.0
108,645506ca76adac1090623214,3.8,B+,1,Female,2.0,it is not at all important,,,5.0,"Never, I really do not know my way around a kitchen",1.0,American,1,healthy/balanced/moderated/,2,1-2 times,3.0,no,2,unlikely,1.0,Everyday,Italian,1,Italian/French/greek,2.0,store bought,Spaghetti and chicken parm,,5,very likely,2,unlikely,6,6.0,"higher than $100,000",5,very likely,5,very likely,2.0,In a relationship,4,on most products,1.0,On campus,2,2-3 times a week,3,$10.01 to $20.00,2.0,unlikely,3.0,just right,1.0,Yes,2,unlikely,5,very likely,2,No,128.0
109,645506ca76adac1090623215,3.4,B,1,Female,3.0,it is moderately important,,,2.0,A couple of times a week,1.0,American,2,unhealthy/cheap/too much/random/,3,2-3 times,2.0,yes part time,2,unlikely,3.0,Once a week,Italian ,1,Italian/French/greek,2.0,store bought,Chicken parm. ,,4,likely,2,unlikely,5,6.0,"higher than $100,000",1,very unlikely,5,very likely,1.0,Single,4,on most products,1.0,On campus,2,2-3 times a week,3,$10.01 to $20.00,1.0,very unlikely,5.0,overweight,2.0,No,2,unlikely,3,neutral,1,Yes,200.0
110,645506ca76adac1090623216,3.7,B+,1,Female,3.0,it is moderately important,,,3.0,"Whenever I can, but that is not very often",2.0,Mexican.Spanish,2,unhealthy/cheap/too much/random/,4,3-5 times,3.0,no,3,neutral,2.0,Twice or three times per week,Italian,1,Italian/French/greek,1.0,cooked at home,Spaghetti,,3,neutral,4,likely,8,3.0,"$30,001 to $50,000",3,neutral,5,very likely,2.0,In a relationship,3,very rarely,2.0,Rent out of campus,2,2-3 times a week,4,$20.01 to $30.00,4.0,likely,3.0,just right,1.0,Yes,3,neutral,3,neutral,2,No,160.0
111,645506ca76adac1090623217,2.9,C+,2,Male,2.0,it is not at all important,,,2.0,A couple of times a week,,,1,healthy/balanced/moderated/,2,1-2 times,2.0,yes part time,3,neutral,2.0,Twice or three times per week,,0,none,1.0,cooked at home,"Pizza, Pita, Lasagna","Pizza,",3,neutral,5,very likely,9,5.0,"$70,001 to $100,000",1,very unlikely,3,neutral,1.0,Single,4,on most products,3.0,Live with my parents and commute,1,Almost everyday,6,more than $40.01,1.0,very unlikely,3.0,just right,2.0,No,1,very unlikely,3,neutral,2,No,170.0
112,645506ca76adac1090623218,3.9,B+,1,Female,4.0,it is very important,,,1.0,Every day,1.0,American,1,healthy/balanced/moderated/,4,3-5 times,3.0,no,5,very likely,1.0,Everyday,Italian ,1,Italian/French/greek,3.0,both bought at store and cooked at home,"Mac & Cheese, Chicken, Stir Fry ","Mac & Cheese,",5,very likely,5,very likely,10,6.0,"higher than $100,000",5,very likely,5,very likely,2.0,In a relationship,4,on most products,1.0,On campus,2,2-3 times a week,3,$10.01 to $20.00,5.0,very likely,3.0,just right,2.0,No,5,very likely,3,neutral,2,No,129.0
113,645506ca76adac1090623219,3.6,B+,1,Female,2.0,it is not at all important,,,2.0,A couple of times a week,1.0,American,2,unhealthy/cheap/too much/random/,3,2-3 times,2.0,yes part time,3,neutral,2.0,Twice or three times per week,Italian ,1,Italian/French/greek,1.0,cooked at home,Mac and Cheese ,,4,likely,3,neutral,9,6.0,"higher than $100,000",2,unlikely,5,very likely,2.0,In a relationship,4,on most products,1.0,On campus,2,2-3 times a week,3,$10.01 to $20.00,3.0,neutral,4.0,slightly overweight,2.0,No,2,unlikely,2,unlikely,2,No,170.0
114,645506ca76adac109062321a,2.8,C+,2,Male,3.0,it is moderately important,,,3.0,"Whenever I can, but that is not very often",4.0,Indian,2,unhealthy/cheap/too much/random/,3,2-3 times,3.0,no,4,likely,2.0,Twice or three times per week,Korean,4,asian/chineses/thai/nepal,3.0,both bought at store and cooked at home,"Dumplings, Chicken Curry and Pizza","Dumplings,",4,likely,3,neutral,7,3.0,"$30,001 to $50,000",5,very likely,4,likely,2.0,In a relationship,3,very rarely,1.0,On campus,1,Almost everyday,5,$30.01 to $40.00,3.0,neutral,1.0,slim,1.0,Yes,5,very likely,3,neutral,2,No,138.0
115,645506ca76adac109062321b,3.3,B,2,Male,4.0,it is very important,,,4.0,I only help a little during holidays,1.0,American,2,unhealthy/cheap/too much/random/,2,1-2 times,2.0,yes part time,2,unlikely,1.0,Everyday,I do not like cuisine,0,none,3.0,both bought at store and cooked at home,"Pasta, Pizza, Popcorn","Pasta,",5,very likely,1,very unlikely,10,6.0,"higher than $100,000",1,very unlikely,4,likely,2.0,In a relationship,1,never,1.0,On campus,1,Almost everyday,5,$30.01 to $40.00,2.0,unlikely,2.0,very fit,1.0,Yes,1,very unlikely,2,unlikely,2,No,150.0
116,645506ca76adac109062321c,3.4,B,1,Female,,,,,3.0,"Whenever I can, but that is not very often",,,2,unhealthy/cheap/too much/random/,4,3-5 times,3.0,no,4,likely,2.0,Twice or three times per week,Chinese ,4,asian/chineses/thai/nepal,2.0,store bought,"Fry Chicken, Rice Vegetable","Fry Chicken,",5,very likely,1,very unlikely,5,1.0,"less than $15,000",3,neutral,5,very likely,1.0,Single,2,on certain products only,1.0,On campus,2,2-3 times a week,3,$10.01 to $20.00,1.0,very unlikely,4.0,slightly overweight,2.0,No,5,very likely,5,very likely,1,Yes,170.0
117,645506ca76adac109062321d,3.77,B+,1,Female,,,,,3.0,"Whenever I can, but that is not very often",4.0,Indian,1,healthy/balanced/moderated/,2,1-2 times,2.0,yes part time,4,likely,,,Vietnamese cuisine,4,asian/chineses/thai/nepal,3.0,both bought at store and cooked at home,"Noodle, Wings, and Tiramisu","Noodle,",3,neutral,2,unlikely,9,2.0,"$15,001 to $30,000",2,unlikely,4,likely,1.0,Single,2,on certain products only,1.0,On campus,1,Almost everyday,2,$5.01 to $10.00,2.0,unlikely,4.0,slightly overweight,2.0,No,5,very likely,3,neutral,1,Yes,113.0
118,645506ca76adac109062321e,3.63,B+,1,Female,3.0,it is moderately important,,,3.0,"Whenever I can, but that is not very often",1.0,American,2,unhealthy/cheap/too much/random/,2,1-2 times,2.0,yes part time,4,likely,2.0,Twice or three times per week,American ,5,American,1.0,cooked at home,Chinese,,5,very likely,3,neutral,5,3.0,"$30,001 to $50,000",3,neutral,5,very likely,2.0,In a relationship,2,on certain products only,3.0,Live with my parents and commute,3,1-2 times a week,4,$20.01 to $30.00,2.0,unlikely,4.0,slightly overweight,2.0,No,4,likely,5,very likely,2,No,140.0
119,645506ca76adac109062321f,3.2,B,2,Male,3.0,it is moderately important,,,2.0,A couple of times a week,5.0,American inspired international dishes,2,unhealthy/cheap/too much/random/,2,1-2 times,2.0,yes part time,5,very likely,2.0,Twice or three times per week,Indian,8,indian,3.0,both bought at store and cooked at home,"pizza, burger, pasta","pizza,",5,very likely,5,very likely,7,2.0,"$15,001 to $30,000",5,very likely,5,very likely,2.0,In a relationship,2,on certain products only,1.0,On campus,1,Almost everyday,3,$10.01 to $20.00,5.0,very likely,4.0,slightly overweight,1.0,Yes,5,very likely,5,very likely,2,No,185.0
120,645506ca76adac1090623220,3.5,B+,1,Female,4.0,it is very important,,,3.0,"Whenever I can, but that is not very often",1.0,American,2,unhealthy/cheap/too much/random/,2,1-2 times,1.0,yes full time,4,likely,2.0,Twice or three times per week,Italian ,1,Italian/French/greek,1.0,cooked at home,Stromboli Mac and Cheese and Pizza,,5,very likely,5,very likely,5,4.0,"$50,001 to $70,000",3,neutral,5,very likely,1.0,Single,5,on everything,3.0,Live with my parents and commute,1,Almost everyday,4,$20.01 to $30.00,3.0,neutral,4.0,slightly overweight,1.0,Yes,5,very likely,5,very likely,1,Yes,156.0
121,645506ca76adac1090623221,3.0,B,1,Female,2.0,it is not at all important,,,3.0,"Whenever I can, but that is not very often",,,2,unhealthy/cheap/too much/random/,4,3-5 times,3.0,no,3,neutral,2.0,Twice or three times per week,Mexican Food,2,Spanish/mexican,1.0,cooked at home,"Isombe , Plantains and Ugali","Isombe ,",4,likely,1,very unlikely,5,2.0,"$15,001 to $30,000",5,very likely,5,very likely,1.0,Single,3,very rarely,1.0,On campus,3,1-2 times a week,4,$20.01 to $30.00,1.0,very unlikely,4.0,slightly overweight,,,4,likely,5,very likely,2,No,180.0
122,645506ca76adac1090623222,3.882,B+,1,Female,,,,,3.0,"Whenever I can, but that is not very often",,,2,unhealthy/cheap/too much/random/,3,2-3 times,3.0,no,5,very likely,2.0,Twice or three times per week,Korean,4,asian/chineses/thai/nepal,1.0,cooked at home,Rice and potato,,4,likely,5,very likely,6,2.0,"$15,001 to $30,000",5,very likely,3,neutral,1.0,Single,3,very rarely,1.0,On campus,2,2-3 times a week,4,$20.01 to $30.00,5.0,very likely,4.0,slightly overweight,2.0,No,5,very likely,4,likely,2,No,120.0
123,645506ca76adac1090623223,3.0,B,2,Male,4.0,it is very important,,,3.0,"Whenever I can, but that is not very often",1.0,American,1,healthy/balanced/moderated/,5,every day,2.0,yes part time,2,unlikely,1.0,Everyday,Italian,1,Italian/French/greek,3.0,both bought at store and cooked at home,pizza and spaghetti ,,5,very likely,1,very unlikely,1,4.0,"$50,001 to $70,000",1,very unlikely,5,very likely,1.0,Single,4,on most products,1.0,On campus,2,2-3 times a week,3,$10.01 to $20.00,1.0,very unlikely,2.0,very fit,2.0,No,1,very unlikely,3,neutral,1,Yes,135.0
124,645506ca76adac1090623224,3.9,B+,1,Female,,,,,,,3.0,Korean/Asian,1,healthy/balanced/moderated/,1,Never,2.0,yes part time,3,neutral,2.0,Twice or three times per week,HISPANIC CUISINE.,2,Spanish/mexican,1.0,cooked at home,"rice, beans, and chicken / pizza/ tenders","rice,",3,neutral,2,unlikely,3,5.0,"$70,001 to $100,000",2,unlikely,3,neutral,2.0,In a relationship,5,on everything,1.0,On campus,3,1-2 times a week,3,$10.01 to $20.00,2.0,unlikely,3.0,just right,2.0,No,2,unlikely,4,likely,2,No,135.0
